<code_scheme name="Default" version="173">
  <JetCodeStyleSettings>
    <option name="PACKAGES_TO_USE_STAR_IMPORTS">
      <value>
        <package name="kotlinx.android.synthetic" withSubpackages="true" static="false" />
      </value>
    </option>
    <option name="NAME_COUNT_TO_USE_STAR_IMPORT" value="2147483647" />
    <option name="NAME_COUNT_TO_USE_STAR_IMPORT_FOR_MEMBERS" value="2147483647" />
    <option name="CODE_STYLE_DEFAULTS" value="KOTLIN_OFFICIAL" />
  </JetCodeStyleSettings>
  <PostgresCodeStyleSettings version="2">
    <option name="KEYWORD_CASE" value="1" />
    <option name="INSERT_OPENING" value="3" />
    <option name="INSERT_CONTENT" value="2" />
    <option name="INSERT_CLOSING" value="4" />
    <option name="INSERT_TABLE_EL_LINE" value="0" />
    <option name="INSERT_VALUES_EL_LINE" value="0" />
    <option name="INSERT_EL_WRAP" value="1" />
  </PostgresCodeStyleSettings>
  <codeStyleSettings language="kotlin">
    <option name="CODE_STYLE_DEFAULTS" value="KOTLIN_OFFICIAL" />
    <indentOptions>
      <option name="CONTINUATION_INDENT_SIZE" value="4" />
    </indentOptions>
  </codeStyleSettings>
  <codeStyleSettings language="yaml">
    <indentOptions>
      <option name="INDENT_SIZE" value="4" />
    </indentOptions>
  </codeStyleSettings>
</code_scheme>