<application>
  <component name="libraryTable">
    <library name="Bundled Protobuf Distribution">
      <CLASSES />
      <JAVADOC />
      <SOURCES>
        <root url="jar://$APPLICATION_PLUGINS_DIR$/protobuf-jetbrains-plugin/lib/protobuf-java-3.6.1-sources.jar!/" />
      </SOURCES>
    </library>
    <library name="scala-sdk-2.11.8">
      <CLASSES>
        <root url="jar:///usr/local/etc/spark/jars/scala-xml_2.11-1.0.2.jar!/" />
        <root url="jar:///usr/local/etc/spark/jars/scala-parser-combinators_2.11-1.0.4.jar!/" />
        <root url="jar:///usr/local/etc/spark/jars/scala-reflect-2.11.8.jar!/" />
        <root url="jar:///usr/local/etc/spark/jars/scala-library-2.11.8.jar!/" />
      </CLASSES>
      <JAVADOC>
        <root url="http://www.scala-lang.org/api/2.11.8/" />
      </JAVADOC>
      <SOURCES />
    </library>
    <library name="scala-sdk-2.12.2">
      <CLASSES>
        <root url="jar:///usr/share/scala/lib/scala-reflect.jar!/" />
        <root url="jar:///usr/share/scala/lib/scala-xml_2.12-1.0.6.jar!/" />
        <root url="jar:///usr/share/scala/lib/scala-swing_2.12-2.0.0.jar!/" />
        <root url="jar:///usr/share/scala/lib/scala-parser-combinators_2.12-1.0.5.jar!/" />
        <root url="jar:///usr/share/scala/lib/scala-library.jar!/" />
      </CLASSES>
      <JAVADOC>
        <root url="http://www.scala-lang.org/api/2.12.2/" />
      </JAVADOC>
      <SOURCES />
    </library>
  </component>
</application>