<application>
  <component name="FileTypeManager" version="17">
    <extensionMap>
      <mapping pattern="*.js.flow" type="Flow" />
      <mapping pattern="*.js.flow" type="Flow" />
      <mapping pattern="JooqDatabaseTest.kt" type="Kotlin" />
      <mapping pattern="ViewCategoryBannerDtos" type="PLAIN_TEXT" />
      <mapping pattern=".gitkeep" type="PLAIN_TEXT" />
      <mapping pattern="LICENSE" type="PLAIN_TEXT" />
      <mapping ext="dist" type="PLAIN_TEXT" />
    </extensionMap>
  </component>
</application>